box_name,precision,recall_thresholding,recall_classifier,recall_thresholding_and_classifier,f1_thresholding,f1_thresholding_and_classifier
ctr_EPL2,0.8888888888888888,1.0,1.0,1.0,0.9411764705882353,0.9411764705882353
border_EPL3,0.8461538461538461,1.0,0.9166666666666666,0.9166666666666666,0.9166666666666666,0.8799999999999999
ctr_MCL,0.9272727272727272,0.9622641509433962,0.9298245614035088,0.8947368421052632,0.9444444444444444,0.9107142857142856
border_MCL2,0.9875,1.0,1.0,1.0,0.9937106918238994,0.9937106918238994
ctr_GL,0.9787234042553191,0.8846153846153846,0.8813559322033898,0.7796610169491525,0.9292929292929293,0.8679245283018866
border_GL,0.9746835443037974,0.9746835443037974,0.9294117647058824,0.9058823529411765,0.9746835443037974,0.9390243902439025
