box_name,precision,recall_thresholding,recall_classifier,recall_thresholding_and_classifier,f1_thresholding,f1_thresholding_and_classifier
GL_ctr3,1.0,0.9333333333333333,1.0,0.9333333333333333,0.9655172413793104,0.9655172413793104
EPL_ctr1,1.0,1.0,1.0,1.0,1.0,1.0
MCL_ctr2,1.0,0.9841269841269841,1.0,0.9841269841269841,0.9919999999999999,0.9919999999999999
GL_border2,1.0,0.9714285714285714,1.0,0.9714285714285714,0.9855072463768115,0.9855072463768115
EPL_border3,0.6666666666666666,1.0,1.0,1.0,0.8,0.8
MCL_border1,0.989010989010989,0.989010989010989,1.0,0.989010989010989,0.989010989010989,0.989010989010989