box_name,precision,recall_thresholding,recall_classifier,recall_thresholding_and_classifier,f1_thresholding,f1_thresholding_and_classifier
ctr_EPL3,1.0,1.0,0.9,0.9,1.0,0.9473684210526316
border_EPL2,0.9166666666666666,1.0,1.0,1.0,0.9565217391304348,0.9565217391304348
ctr_MCL3,0.9577464788732394,0.9855072463768116,0.971830985915493,0.9577464788732395,0.9714285714285714,0.9577464788732394
border_MCL2,1.0,1.0,0.9855072463768116,0.9855072463768116,1.0,0.9927007299270074
ctr_GL2,1.0,0.9285714285714286,1.0,0.9285714285714286,0.962962962962963,0.962962962962963
border_GL2,0.9777777777777777,1.0,1.0,1.0,0.9887640449438202,0.9887640449438202
